x1,x2,x3,f1,f2
1.652506563020102,2.252139772182389,-0.7274434435368641,-11.948843071392929,-7.143566195730086
-0.38088110792739927,-1.00367060385123,1.639003869164897,-14.876547664975904,-6.325840735477191
-1.0942330360412598,-0.2569217085838318,1.5344653129577637,-15.312703862071313,-4.366372541910031
-0.8487655326079122,-0.8097976964900695,0.2032647172644848,-16.370839489520847,-3.3591607595169277
-0.40069040753333063,0.5508517540292583,-0.9193427820128184,-16.79705994324005,-0.9586964807092739
-0.7070177758631562,-0.5913397907335823,0.46061977022234546,-16.924328629122765,-0.31672057994265373
-0.5385570695418228,0.036835253368093235,-0.2760783104650254,-18.434789034037088,0.1551251736223782
2.226084804397993,-0.518978526487631,1.7309283272870677,-13.297739665932466,-6.103337245178988
-1.169626235961914,0.44584721326828003,1.7395020723342896,-14.768051365785752,-5.600271264898673
-0.2386230081319809,-0.7644730806350708,2.2225632667541504,-14.769558962835212,-4.208612623744056
-0.5286736488342285,-0.873759388923645,1.5592641830444336,-15.146967463116546,-3.928416294617932
-1.0932080745697021,-0.48026716709136963,1.4940595626831055,-15.181776575111474,-3.331630681239692
-0.24719381125568263,0.08211161015961277,2.5754708704438576,-15.465267154442307,-2.3836931825945826
2.259736770075521,-0.3589897696566922,0.2529866389068418,-15.487028812512584,-1.7362215426473608
-1.0617696046829224,-0.04401924088597298,1.440640926361084,-15.580956230790225,-1.429428160351431
-0.3452300973048814,-0.5395084295823055,1.7848488639520408,-15.684831526645118,-1.1723307400559242
0.4467447102069855,0.4109278619289398,1.5667023658752441,-16.08974647703494,0.0035968283753167185
-0.5405000616580204,-0.30689916272446993,-0.23070980886434223,-18.091907606846043,0.3171702152937911
1.5975728971936718,4.064470308569932,3.6586279651741282,-7.524842439755667,-6.091718492617934
-2.9727460707225424,-1.1034390810807424,-0.39964208107384813,-13.211623294136514,-5.776729772899764
-3.2018092228240955,-0.9947692577816935,-0.20500367413454623,-13.275922448503188,-5.3271390452123955
-1.2325649751002623,0.4579490857020585,2.862607922323509,-13.287684980411479,-5.230476714557458
-0.8271958827972412,-0.6880540251731873,2.8809940814971924,-13.593845937855177,-5.044942490265691
-1.0881152153015137,0.012035085819661617,2.534882068634033,-14.067284468660887,-4.339367460629817
-0.14556607604026794,-0.7970845699310303,2.5701043605804443,-14.342090676455976,-4.0382189087157405
0.08257559477109999,-1.143965774328621,1.4949921483078699,-14.812841331098468,-3.346506811755501
-2.741162183980972,-0.46234303675694244,0.03902374375904194,-14.848904000509998,-2.560590156708576
0.4025378777041701,-0.43847570049176965,2.240305990250844,-15.212245680629072,-2.035071999781374
-0.010764052303730232,0.2565109165781312,-2.749213209748916,-15.256128559914028,-1.9882776192918463
-0.4764724373817444,-0.6273254156112671,1.7940621376037598,-15.380150615960911,-1.3595385011299146
-0.8297250270843506,-0.04631911963224411,1.8223676681518555,-15.413544460975075,-1.2856637238082935
0.2516787279521035,-0.09522198943485827,1.4573394069408763,-16.943063426313664,2.1431544710692068
-0.3268146812915802,0.14389735460281372,1.14228355884552,-17.253975805434372,6.557356682601874
1.5757134820999321,-1.182269511268394,2.306952563126301,-12.698052071968014,-5.356186165703002
-3.1802935451155454,-1.023742106464943,-0.4173786190464295,-13.142575875196375,-4.126590612406089
-1.2391959428787231,0.40167713165283203,2.5371811389923096,-13.688841395802342,-3.551485856993863
-1.1855373627256318,-1.4384772742099958,-0.5164397539229215,-14.254210018003182,-3.412506724146419
-1.454458475112915,-0.10113511979579926,1.6835922002792358,-14.607482776482717,-2.293423569100474
0.07806559168181035,-0.983611532030987,1.4627057503653307,-15.238156285693364,-1.5363874206455972
-0.39426374435424805,-0.36891937255859375,2.2977776527404785,-15.254948166249893,0.208396325289959
-0.2498258501291275,0.22180038690567017,2.5273141860961914,-15.3742309086653,0.5994881491362443
-2.321895122528076,0.05697380006313324,0.2813844680786133,-15.726359023136176,2.780648167916125
-0.478829044150197,0.7283587077651766,0.5582119448713688,-16.723432839759028,4.159856732903981
-0.6754442055050212,2.274613767184805,-0.9137643244256559,-12.346291298409845,-4.960161604911372
-4.24747151187625,-0.8885201133964558,0.3292767741694774,-12.472007337044127,-3.2598863379402054
1.4880992367725427,-0.9808617859357186,1.5172561067209975,-13.968954065255897,-2.779505911667168
0.21845652169104568,-1.2346025795506907,1.4650986890058846,-14.598992411090006,-1.8871293715281676
-0.914768636226654,-0.18586546182632446,2.11319637298584,-14.839458629516788,-0.5451225942265325
0.5911955189514578,-0.21380482468318757,2.1361117113707278,-15.327770825721803,2.176548914857681
0.4193773567676544,-0.1918959766626358,2.0981321334838867,-15.680291877178444,3.8449598548118553
-0.6490374803543091,0.45160746574401855,0.8984087705612183,-16.715570431155044,4.580951445715538
-3.213316422739588,-0.9899624775417597,3.6835890420854165,-9.767769378462742,-4.0573322949559465
-2.4486059712791883,-0.3116316530105725,3.0856823930066555,-11.481774614140985,-3.995314281178009
3.93712917331829,0.6589076330178674,-1.1493807141986332,-12.172873386823268,-3.6213227507450387
-1.2939257621765137,-1.4099955558776855,2.129277467727661,-12.820262223579052,-2.558184415530602
-1.05411958694458,1.3420377969741821,1.735918402671814,-13.556267990987536,-1.7719173347060444
-1.032554241703535,-1.5325413416955638,-0.5520749074030722,-14.129772879730288,-0.030431172512360716
1.7880374244042185,1.0775361160717178,-0.8684998066308616,-14.168860429553572,2.5630010260215466
-0.7741246223449707,0.4465702772140503,2.4924893379211426,-14.389635933986042,2.7309015678363737
-0.2942782938480377,-0.4438306391239166,2.349916458129883,-15.188109997387961,4.3083788984182005
-0.13428721140618333,1.3383128877039583,-0.2555007889221387,-15.256140743689716,5.0916193037158894
-0.7046364425467839,-0.5685781883727118,-1.696638964166437,-15.3352488944948,5.217603440636179
0.30108362436294556,0.15751974284648895,2.3575427532196045,-15.577023077829315,5.309932104784325
-0.46849575638771057,-0.5884383916854858,1.2406502962112427,-16.201928289959277,5.578522099575782
-3.5479965299410474,-1.8928236939890943,3.494830807921103,-8.990432830511326,-3.209881292600712
5.0,2.5820307120252037,-0.6848030583308198,-9.106039602654977,-3.14959027634994
2.5309289749605535,1.542537660662879,2.1650601587801064,-11.404033942401828,-2.877703515594061
-1.069643246894425,-0.23443709124040418,5.0,-11.7079191143245,-2.854068480688644
-2.083495411379856,-0.6011574840545435,2.5456661377017635,-12.407666126246825,-1.9062683191033227
-1.2411155912005194,0.5068765163698031,3.271053660512434,-12.8062031023117,-1.8518408130681427
-0.4449915310119317,-2.1032375955521196,-0.9451209110787829,-12.810832712927581,-1.488536900204597
-2.073514223098755,-0.055915169417858124,2.301175355911255,-12.914864967265085,-0.4591786358920036
1.584969957691639,-1.2575064523163206,-1.6203314190804852,-13.307244186679586,0.30857721980493213
5.0,0.06064993075200843,0.16011326516351487,-13.341889812689555,0.9025318435179565
-1.0689942836761475,0.15646517276763916,2.7794580459594727,-13.787294564646519,1.3470310161827768
-1.1307458877563477,0.17939400672912598,2.442897081375122,-14.08037061966867,2.988141902374028
-0.11967901885509491,0.6274484992027283,2.922220230102539,-14.301113878873103,3.554558324437804
-1.3155018091201782,0.15524610877037048,1.9787886142730713,-14.396142396260007,4.38201151623738
0.5832705929202386,-0.6340319420561873,2.088157174272648,-14.880462050266335,4.442274743417962
-0.18995488670171845,1.2839622140697626,0.512256499385102,-15.298220091613901,6.980871414594863
0.3918900894771683,1.1206675253373892,0.79346823921147,-15.484984054240115,10.028490761479059
3.1246951449274594,-3.411406978410545,0.16028674337560478,-9.01521109163813,-3.0731473245730663
-3.1644142465457668,-0.6772143644257413,2.2190476555224024,-11.522553583897464,-2.7173281978528614
-0.27593310524294257,1.6845426336296523,-3.6042853633106464,-11.620397911660113,-1.9125676220670766
5.0,-0.06551379266140932,-0.669101692773728,-12.42035470829058,-0.09509477224867724
-0.8590985849064546,-1.4705903116306123,2.127229553014227,-13.075030298334088,0.30879486377298293
-1.424447774887085,0.23154279589653015,2.809912919998169,-13.182832489985428,1.773424974238072
-0.08160687092708852,-0.856800730339651,-3.5222054626461565,-13.261973553884097,2.223046933644519
2.102523565892273,-0.4418325803137151,-1.858085358619653,-13.332207151230335,3.5359223516478266
-1.481827241311508,0.28786055113824144,1.8720688305222606,-14.240806150275448,5.440554993505561
0.360265271623205,1.0857167883252339,1.5390760804363999,-14.816222142040246,5.53022133761835
1.0655856578536862,-0.5814975247021397,1.3094706261080844,-15.352855986187706,10.546999402109954
-1.5903233289718628,0.4476923942565918,1.2728880643844604,-14.820993925419373,11.899446933055462
-0.4199873352101222,0.17200298580081183,5.0,-12.808907178933126,0.943217609075333
-0.07735500141322318,-0.41337216213432154,4.8886047584500165,-12.94187751036246,1.0395757867346527
0.6619071364402771,-1.3716269731521606,2.32322359085083,-13.204122524043129,2.6031691634015783
-1.5517204999923706,0.3604331612586975,2.6010184288024902,-13.186139020861543,2.2974806858571863
-0.9227936863899231,0.5664924383163452,3.2462782859802246,-13.226174927621711,3.2058489226972493
-0.4020521640777588,-0.48837482929229736,2.970595359802246,-14.288235803870418,6.941921968376804
0.8629298210144043,0.670957088470459,1.9015960693359375,-14.717420475584948,10.56612707007614
